date,symbol,performance
2025-02-07,AAPL,-1.0218
2025-02-07,GOOG,-5.2696
2025-02-07,MSFT,-4.4939
2025-02-07,NVDA,-5.7149
2025-02-07,SPX,0.4891
2025-02-10,AAPL,2.2503
2025-02-10,GOOG,-5.7256
2025-02-10,MSFT,-3.7993
2025-02-10,NVDA,-5.1552
2025-02-10,SPX,0.2843
2025-02-11,AAPL,3.9271
2025-02-11,GOOG,-6.4790
2025-02-11,MSFT,-7.7902
2025-02-11,NVDA,-9.7029
2025-02-11,SPX,-0.2936
2025-02-12,AAPL,5.9063
2025-02-12,GOOG,-7.0899
2025-02-12,MSFT,-8.4328
2025-02-12,NVDA,-10.9224
2025-02-12,SPX,-1.0908
2025-02-13,AAPL,8.4164
2025-02-13,GOOG,-6.9440
2025-02-13,MSFT,-7.5485
2025-02-13,NVDA,-5.1395
2025-02-13,SPX,0.2267
2025-02-14,AAPL,6.4126
2025-02-14,GOOG,-3.5609
2025-02-14,MSFT,-6.0130
2025-02-14,NVDA,17.2522
2025-02-14,SPX,1.7023
2025-02-17,AAPL,2.6610
2025-02-17,GOOG,-5.1758
2025-02-17,MSFT,-8.6695
2025-02-17,NVDA,7.6440
2025-02-17,SPX,0.7734
2025-02-18,AAPL,2.1349
2025-02-18,GOOG,-5.7714
2025-02-18,MSFT,-7.3904
2025-02-18,NVDA,12.6920
2025-02-18,SPX,1.4947
2025-02-19,AAPL,3.0641
2025-02-19,GOOG,-7.6494
2025-02-19,MSFT,-0.0530
2025-02-19,NVDA,11.6968
2025-02-19,SPX,1.2021
2025-02-20,AAPL,4.1653
2025-02-20,GOOG,-9.2218
2025-02-20,MSFT,0.2578
2025-02-20,NVDA,16.6903
2025-02-20,SPX,1.2746
2025-02-21,AAPL,7.6926
2025-02-21,GOOG,-10.3928
2025-02-21,MSFT,-0.6595
2025-02-21,NVDA,15.2323
2025-02-21,SPX,0.3096
2025-02-24,AAPL,6.1426
2025-02-24,GOOG,-12.7678
2025-02-24,MSFT,-2.0297
2025-02-24,NVDA,9.8019
2025-02-24,SPX,-0.9048
2025-02-25,AAPL,6.2675
2025-02-25,GOOG,-8.2411
2025-02-25,MSFT,-3.7238
2025-02-25,NVDA,1.4420
2025-02-25,SPX,-1.7525
2025-02-26,AAPL,3.0615
2025-02-26,GOOG,-9.6270
2025-02-26,MSFT,-3.8695
2025-02-26,NVDA,2.0205
2025-02-26,SPX,-2.0960
2025-02-27,AAPL,4.2481
2025-02-27,GOOG,-9.0467
2025-02-27,MSFT,-4.2026
2025-02-27,NVDA,-7.4630
2025-02-27,SPX,-2.7285
2025-02-28,AAPL,6.2333
2025-02-28,GOOG,-8.4910
2025-02-28,MSFT,-3.6946
2025-02-28,NVDA,-6.4760
2025-02-28,SPX,-1.8452
2025-03-03,AAPL,2.3257
2025-03-03,GOOG,-9.8412
2025-03-03,MSFT,-5.5780
2025-03-03,NVDA,-14.1114
2025-03-03,SPX,-3.6052
2025-03-04,AAPL,-0.3968
2025-03-04,GOOG,-6.9137
2025-03-04,MSFT,-4.9946
2025-03-04,NVDA,-11.5525
2025-03-04,SPX,-4.5245
2025-03-05,AAPL,-2.3972
2025-03-05,GOOG,-6.8608
2025-03-05,MSFT,-2.3189
2025-03-05,NVDA,-13.2974
2025-03-05,SPX,-4.4552
2025-03-06,AAPL,-3.7899
2025-03-06,GOOG,-6.7748
2025-03-06,MSFT,-2.8255
2025-03-06,NVDA,-20.3673
2025-03-06,SPX,-6.1510
2025-03-07,AAPL,-2.2608
2025-03-07,GOOG,-5.9507
2025-03-07,MSFT,-3.7020
2025-03-07,NVDA,-18.8405
2025-03-07,SPX,-5.6329
2025-03-10,AAPL,-6.9497
2025-03-10,GOOG,-9.6825
2025-03-10,MSFT,-7.1966
2025-03-10,NVDA,-23.2568
2025-03-10,SPX,-8.4022
2025-03-11,AAPL,-9.8134
2025-03-11,GOOG,-11.3023
2025-03-11,MSFT,-8.2745
2025-03-11,NVDA,-21.8847
2025-03-11,SPX,-9.3110
2025-03-12,AAPL,-11.7358
2025-03-12,GOOG,-9.4514
2025-03-12,MSFT,-7.8966
2025-03-12,NVDA,-17.3935
2025-03-12,SPX,-8.4711
2025-03-13,AAPL,-14.6080
2025-03-13,GOOG,-9.2797
2025-03-13,MSFT,-7.2120
2025-03-13,NVDA,-14.0222
2025-03-13,SPX,-8.1756
2025-03-14,AAPL,-13.6018
2025-03-14,GOOG,-7.4894
2025-03-14,MSFT,-3.8218
2025-03-14,NVDA,-6.6088
2025-03-14,SPX,-5.7546
2025-03-17,AAPL,-13.3744
2025-03-17,GOOG,-6.0890
2025-03-17,MSFT,-2.3121
2025-03-17,NVDA,-5.6069
2025-03-17,SPX,-4.7039
2025-03-18,AAPL,-11.5119
2025-03-18,GOOG,-6.8861
2025-03-18,MSFT,-4.0552
2025-03-18,NVDA,-12.0734
2025-03-18,SPX,-5.7320
2025-03-19,AAPL,-9.2962
2025-03-19,GOOG,-2.3089
2025-03-19,MSFT,-1.1999
2025-03-19,NVDA,-2.1889
2025-03-19,SPX,-3.1780
2025-03-20,AAPL,-11.4704
2025-03-20,GOOG,-4.1633
2025-03-20,MSFT,-2.5567
2025-03-20,NVDA,-5.1153
2025-03-20,SPX,-4.8973
2025-03-21,AAPL,-8.3015
2025-03-21,GOOG,-1.4289
2025-03-21,MSFT,0.7130
2025-03-21,NVDA,3.1913
2025-03-21,SPX,-3.1140
2025-03-24,AAPL,-6.4426
2025-03-24,GOOG,-1.5526
2025-03-24,MSFT,1.1503
2025-03-24,NVDA,4.6728
2025-03-24,SPX,-0.1831
2025-03-25,AAPL,-5.0861
2025-03-25,GOOG,-1.2572
2025-03-25,MSFT,-1.4613
2025-03-25,NVDA,2.8900
2025-03-25,SPX,-1.1293
2025-03-26,AAPL,-5.8641
2025-03-26,GOOG,-4.0583
2025-03-26,MSFT,-1.7436
2025-03-26,NVDA,2.8851
2025-03-26,SPX,-0.4587
2025-03-27,AAPL,-6.3663
2025-03-27,GOOG,-6.6401
2025-03-27,MSFT,-0.6941
2025-03-27,NVDA,-1.1181
2025-03-27,SPX,-1.3325
2025-03-28,AAPL,-4.2114
2025-03-28,GOOG,-7.0020
2025-03-28,MSFT,-0.3577
2025-03-28,NVDA,2.5145
2025-03-28,SPX,-0.5988
2025-03-31,AAPL,0.5841
2025-03-31,GOOG,-5.8742
2025-03-31,MSFT,-1.3300
2025-03-31,NVDA,-0.3494
2025-03-31,SPX,0.7139
2025-04-01,AAPL,2.8620
2025-04-01,GOOG,-5.9882
2025-04-01,MSFT,-0.2818
2025-04-01,NVDA,-4.8298
2025-04-01,SPX,0.6031
2025-04-02,AAPL,6.7770
2025-04-02,GOOG,-3.5634
2025-04-02,MSFT,0.8897
2025-04-02,NVDA,-4.4644
2025-04-02,SPX,2.7067
2025-04-03,AAPL,-4.8246
2025-04-03,GOOG,-8.9428
2025-04-03,MSFT,-3.9762
2025-04-03,NVDA,-16.3311
2025-04-03,SPX,-4.2990
2025-04-04,AAPL,-11.9720
2025-04-04,GOOG,-11.3046
2025-04-04,MSFT,-7.4247
2025-04-04,NVDA,-21.0993
2025-04-04,SPX,-10.5908
2025-04-07,AAPL,-14.6833
2025-04-07,GOOG,-8.2560
2025-04-07,MSFT,-6.6907
2025-04-07,NVDA,-15.4119
2025-04-07,SPX,-9.8387
2025-04-08,AAPL,-19.8941
2025-04-08,GOOG,-11.8475
2025-04-08,MSFT,-8.5761
2025-04-08,NVDA,-18.0565
2025-04-08,SPX,-12.2024
2025-04-09,AAPL,-7.1228
2025-04-09,GOOG,-2.4174
2025-04-09,MSFT,0.9435
2025-04-09,NVDA,-3.5434
2025-04-09,SPX,-3.6375
2025-04-10,AAPL,-12.7594
2025-04-10,GOOG,-6.5444
2025-04-10,MSFT,-2.5328
2025-04-10,NVDA,-8.6066
2025-04-10,SPX,-7.0491
2025-04-11,AAPL,-10.2297
2025-04-11,GOOG,-6.1967
2025-04-11,MSFT,-1.1779
2025-04-11,NVDA,-8.6319
2025-04-11,SPX,-7.0083
2025-04-14,AAPL,-9.4883
2025-04-14,GOOG,-6.5513
2025-04-14,MSFT,-1.8600
2025-04-14,NVDA,-8.2691
2025-04-14,SPX,-6.4169
2025-04-15,AAPL,-8.7528
2025-04-15,GOOG,-5.0616
2025-04-15,MSFT,-1.0873
2025-04-15,NVDA,-1.3713
2025-04-15,SPX,-5.5245
2025-04-16,AAPL,-13.2142
2025-04-16,GOOG,-5.2292
2025-04-16,MSFT,-4.8569
2025-04-16,NVDA,-6.2281
2025-04-16,SPX,-7.3351
2025-04-17,AAPL,-9.6007
2025-04-17,GOOG,-1.7301
2025-04-17,MSFT,-2.9092
2025-04-17,NVDA,-7.4587
2025-04-17,SPX,-5.3439
2025-04-18,AAPL,-11.3222
2025-04-18,GOOG,-1.8370
2025-04-18,MSFT,-2.0272
2025-04-18,NVDA,-6.3573
2025-04-18,SPX,-5.8653
2025-04-21,AAPL,-13.4549
2025-04-21,GOOG,-5.6772
2025-04-21,MSFT,-6.0363
2025-04-21,NVDA,-12.0200
2025-04-21,SPX,-8.4300
2025-04-22,AAPL,-10.7865
2025-04-22,GOOG,-3.1222
2025-04-22,MSFT,-4.0090
2025-04-22,NVDA,-10.4419
2025-04-22,SPX,-6.7574
2025-04-23,AAPL,0.6939
2025-04-23,GOOG,3.3349
2025-04-23,MSFT,0.3431
2025-04-23,NVDA,0.8939
2025-04-23,SPX,-0.3828
2025-04-24,AAPL,10.6115
2025-04-24,GOOG,9.2934
2025-04-24,MSFT,7.6312
2025-04-24,NVDA,12.8512
2025-04-24,SPX,8.0939
2025-04-25,AAPL,15.3312
2025-04-25,GOOG,9.7896
2025-04-25,MSFT,9.4981
2025-04-25,NVDA,13.6932
2025-04-25,SPX,9.1453
2025-04-28,AAPL,21.8768
2025-04-28,GOOG,10.8064
2025-04-28,MSFT,10.3227
2025-04-28,NVDA,12.9076
2025-04-28,SPX,10.9574
2025-04-29,AAPL,6.2157
2025-04-29,GOOG,0.6209
2025-04-29,MSFT,0.9091
2025-04-29,NVDA,-4.6445
2025-04-29,SPX,1.9046
2025-04-30,AAPL,11.5954
2025-04-30,GOOG,3.5528
2025-04-30,MSFT,3.6476
2025-04-30,NVDA,1.2550
2025-04-30,SPX,5.7139
2025-05-01,AAPL,7.6558
2025-05-01,GOOG,2.1267
2025-05-01,MSFT,9.5122
2025-05-01,NVDA,0.6130
2025-05-01,SPX,4.4893
2025-05-02,AAPL,1.3974
2025-05-02,GOOG,2.6878
2025-05-02,MSFT,12.2405
2025-05-02,NVDA,3.4234
2025-05-02,SPX,5.1924
2025-05-05,AAPL,-1.6078
2025-05-05,GOOG,4.6446
2025-05-05,MSFT,13.0765
2025-05-05,NVDA,1.4439
2025-05-05,SPX,4.7020
2025-05-06,AAPL,2.1825
2025-05-06,GOOG,6.2379
2025-05-06,MSFT,16.6034
2025-05-06,NVDA,8.6611
2025-05-06,SPX,6.2780
2025-05-07,AAPL,-0.3706
2025-05-07,GOOG,-0.3652
2025-05-07,MSFT,17.8286
2025-05-07,NVDA,15.3414
2025-05-07,SPX,6.5985
2025-05-08,AAPL,0.2589
2025-05-08,GOOG,1.5584
2025-05-08,MSFT,19.1392
2025-05-08,NVDA,15.6469
2025-05-08,SPX,7.2168
2025-05-09,AAPL,2.7801
2025-05-09,GOOG,3.0161
2025-05-09,MSFT,22.1681
2025-05-09,NVDA,20.3694
2025-05-09,SPX,9.7265
2025-05-12,AAPL,5.5322
2025-05-12,GOOG,3.6907
2025-05-12,MSFT,22.4742
2025-05-12,NVDA,24.3806
2025-05-12,SPX,10.5230
2025-05-13,AAPL,4.0714
2025-05-13,GOOG,2.0099
2025-05-13,MSFT,19.9658
2025-05-13,NVDA,26.5018
2025-05-13,SPX,9.4997
2025-05-14,AAPL,1.9005
2025-05-14,GOOG,3.3071
2025-05-14,MSFT,16.9481
2025-05-14,NVDA,27.1634
2025-05-14,SPX,7.4353
2025-05-15,AAPL,1.0369
2025-05-15,GOOG,0.9460
2025-05-15,MSFT,15.6386
2025-05-15,NVDA,21.4575
2025-05-15,SPX,7.0897
2025-05-16,AAPL,0.5330
2025-05-16,GOOG,3.0846
2025-05-16,MSFT,16.1341
2025-05-16,NVDA,24.5286
2025-05-16,SPX,7.7708
2025-05-19,AAPL,-1.1505
2025-05-19,GOOG,3.5851
2025-05-19,MSFT,16.4526
2025-05-19,NVDA,24.3533
2025-05-19,SPX,7.2430
2025-05-20,AAPL,-2.6541
2025-05-20,GOOG,2.7534
2025-05-20,MSFT,15.9161
2025-05-20,NVDA,23.3750
2025-05-20,SPX,6.6690
2025-05-21,AAPL,-5.2644
2025-05-21,GOOG,4.4659
2025-05-21,MSFT,6.3869
2025-05-21,NVDA,18.0898
2025-05-21,SPX,4.2909
2025-05-22,AAPL,-1.9430
2025-05-22,GOOG,3.7211
2025-05-22,MSFT,4.4983
2025-05-22,NVDA,16.0087
2025-05-22,SPX,2.7317
2025-05-23,AAPL,-1.8201
2025-05-23,GOOG,2.1319
2025-05-23,MSFT,3.2121
2025-05-23,NVDA,15.3488
2025-05-23,SPX,2.6979
2025-05-26,AAPL,-1.6322
2025-05-26,GOOG,2.6574
2025-05-26,MSFT,3.8933
2025-05-26,NVDA,15.6333
2025-05-26,SPX,3.4941
2025-05-27,AAPL,2.0178
2025-05-27,GOOG,13.8613
2025-05-27,MSFT,6.3090
2025-05-27,NVDA,15.7526
2025-05-27,SPX,5.1544
2025-05-28,AAPL,1.4836
2025-05-28,GOOG,11.3194
2025-05-28,MSFT,4.3796
2025-05-28,NVDA,14.8590
2025-05-28,SPX,3.9656
2025-05-29,AAPL,0.7153
2025-05-29,GOOG,12.0352
2025-05-29,MSFT,4.5472
2025-05-29,NVDA,19.3228
2025-05-29,SPX,4.4570
2025-05-30,AAPL,-4.7156
2025-05-30,GOOG,8.3156
2025-05-30,MSFT,2.4707
2025-05-30,NVDA,9.8618
2025-05-30,SPX,1.1550
2025-06-02,AAPL,-5.2740
2025-06-02,GOOG,5.8922
2025-06-02,MSFT,2.8566
2025-06-02,NVDA,5.7339
2025-06-02,SPX,0.8390
2025-06-03,AAPL,-4.2669
2025-06-03,GOOG,0.5395
2025-06-03,MSFT,2.2144
2025-06-03,NVDA,4.3446
2025-06-03,SPX,1.3201
2025-06-04,AAPL,-4.0813
2025-06-04,GOOG,2.4123
2025-06-04,MSFT,2.3702
2025-06-04,NVDA,5.2585
2025-06-04,SPX,0.9106
2025-06-05,AAPL,-5.0317
2025-06-05,GOOG,1.4215
2025-06-05,MSFT,2.9520
2025-06-05,NVDA,3.3900
2025-06-05,SPX,-0.3202
2025-06-06,AAPL,-2.3278
2025-06-06,GOOG,4.1997
2025-06-06,MSFT,2.5083
2025-06-06,NVDA,4.5364
2025-06-06,SPX,0.6164
2025-06-09,AAPL,-2.6153
2025-06-09,GOOG,7.4462
2025-06-09,MSFT,3.1822
2025-06-09,NVDA,6.1393
2025-06-09,SPX,1.1013
2025-06-10,AAPL,0.2870
2025-06-10,GOOG,5.8509
2025-06-10,MSFT,4.0546
2025-06-10,NVDA,9.2261
2025-06-10,SPX,3.3227
2025-06-11,AAPL,-1.2813
2025-06-11,GOOG,3.9598
2025-06-11,MSFT,3.9045
2025-06-11,NVDA,7.5284
2025-06-11,SPX,3.0851
2025-06-12,AAPL,2.0126
2025-06-12,GOOG,4.3517
2025-06-12,MSFT,6.3730
2025-06-12,NVDA,10.4425
2025-06-12,SPX,4.1780
2025-06-13,AAPL,0.6043
2025-06-13,GOOG,3.7089
2025-06-13,MSFT,5.5045
2025-06-13,NVDA,8.1347
2025-06-13,SPX,3.0011
2025-06-16,AAPL,-0.8941
2025-06-16,GOOG,2.2761
2025-06-16,MSFT,4.0049
2025-06-16,NVDA,6.7823
2025-06-16,SPX,1.8841
2025-06-17,AAPL,-2.3850
2025-06-17,GOOG,2.2206
2025-06-17,MSFT,4.5216
2025-06-17,NVDA,6.9060
2025-06-17,SPX,1.5992
2025-06-18,AAPL,-1.6854
2025-06-18,GOOG,0.5897
2025-06-18,MSFT,4.7004
2025-06-18,NVDA,4.5190
2025-06-18,SPX,1.1620
2025-06-19,AAPL,-2.1260
2025-06-19,GOOG,0.6537
2025-06-19,MSFT,4.3184
2025-06-19,NVDA,7.6593
2025-06-19,SPX,1.1702
2025-06-20,AAPL,-0.3471
2025-06-20,GOOG,-1.5496
2025-06-20,MSFT,3.3400
2025-06-20,NVDA,4.7096
2025-06-20,SPX,0.5374
2025-06-23,AAPL,-0.8708
2025-06-23,GOOG,-1.0137
2025-06-23,MSFT,4.9744
2025-06-23,NVDA,2.0889
2025-06-23,SPX,0.9179
2025-06-24,AAPL,-1.2425
2025-06-24,GOOG,-0.9741
2025-06-24,MSFT,5.6568
2025-06-24,NVDA,4.2136
2025-06-24,SPX,2.0327
2025-06-25,AAPL,0.4635
2025-06-25,GOOG,0.9893
2025-06-25,MSFT,5.2579
2025-06-25,NVDA,10.2293
2025-06-25,SPX,2.5737
2025-06-26,AAPL,-1.4319
2025-06-26,GOOG,-0.2801
2025-06-26,MSFT,5.7549
2025-06-26,NVDA,9.3847
2025-06-26,SPX,2.3442
2025-06-27,AAPL,-0.1837
2025-06-27,GOOG,0.3603
2025-06-27,MSFT,4.9053
2025-06-27,NVDA,10.6009
2025-06-27,SPX,2.7838
2025-06-30,AAPL,1.2335
2025-06-30,GOOG,-1.4555
2025-06-30,MSFT,5.6252
2025-06-30,NVDA,9.7458
2025-06-30,SPX,2.7512
2025-07-01,AAPL,4.5477
2025-07-01,GOOG,-1.0515
2025-07-01,MSFT,4.1111
2025-07-01,NVDA,7.3304
2025-07-01,SPX,2.9187
2025-07-02,AAPL,6.6466
2025-07-02,GOOG,1.5765
2025-07-02,MSFT,2.5518
2025-07-02,NVDA,8.4483
2025-07-02,SPX,3.0133
2025-07-03,AAPL,8.7045
2025-07-03,GOOG,2.6552
2025-07-03,MSFT,5.0278
2025-07-03,NVDA,12.2350
2025-07-03,SPX,5.0591
2025-07-07,AAPL,5.8109
2025-07-07,GOOG,-0.2136
2025-07-07,MSFT,3.8778
2025-07-07,NVDA,9.3648
2025-07-07,SPX,3.2632
2025-07-08,AAPL,7.3451
2025-07-08,GOOG,-1.1680
2025-07-08,MSFT,3.8867
2025-07-08,NVDA,11.0186
2025-07-08,SPX,4.0584
2025-07-09,AAPL,7.4067
2025-07-09,GOOG,2.1152
2025-07-09,MSFT,4.8455
2025-07-09,NVDA,11.9604
2025-07-09,SPX,4.7216
2025-07-10,AAPL,8.0527
2025-07-10,GOOG,2.7130
2025-07-10,MSFT,4.4228
2025-07-10,NVDA,12.7990
2025-07-10,SPX,5.0091
2025-07-11,AAPL,5.0547
2025-07-11,GOOG,8.0963
2025-07-11,MSFT,5.4294
2025-07-11,NVDA,14.6472
2025-07-11,SPX,4.8914
2025-07-14,AAPL,3.5335
2025-07-14,GOOG,10.1199
2025-07-14,MSFT,3.5021
2025-07-14,NVDA,13.8031
2025-07-14,SPX,4.0396
2025-07-15,AAPL,4.3984
2025-07-15,GOOG,9.1570
2025-07-15,MSFT,3.2054
2025-07-15,NVDA,15.4158
2025-07-15,SPX,2.4881
2025-07-16,AAPL,4.2667
2025-07-16,GOOG,7.1608
2025-07-16,MSFT,2.7119
2025-07-16,NVDA,11.0557
2025-07-16,SPX,2.8158
2025-07-17,AAPL,4.4876
2025-07-17,GOOG,5.8877
2025-07-17,MSFT,2.8646
2025-07-17,NVDA,11.5985
2025-07-17,SPX,2.5458
2025-07-18,AAPL,5.0229
2025-07-18,GOOG,4.3025
2025-07-18,MSFT,2.8451
2025-07-18,NVDA,9.2932
2025-07-18,SPX,2.0042
2025-07-21,AAPL,3.5629
2025-07-21,GOOG,7.7569
2025-07-21,MSFT,2.5432
2025-07-21,NVDA,8.4752
2025-07-21,SPX,1.6221
2025-07-22,AAPL,3.1662
2025-07-22,GOOG,8.5919
2025-07-22,MSFT,2.6867
2025-07-22,NVDA,8.9563
2025-07-22,SPX,1.8007
2025-07-23,AAPL,0.8049
2025-07-23,GOOG,6.5365
2025-07-23,MSFT,3.0096
2025-07-23,NVDA,8.6041
2025-07-23,SPX,2.1115
2025-07-24,AAPL,0.0983
2025-07-24,GOOG,7.0064
2025-07-24,MSFT,2.4136
2025-07-24,NVDA,9.0373
2025-07-24,SPX,1.3377
2025-07-25,AAPL,1.8719
2025-07-25,GOOG,9.3039
2025-07-25,MSFT,3.2126
2025-07-25,NVDA,9.6436
2025-07-25,SPX,2.5467
2025-07-28,AAPL,1.9237
2025-07-28,GOOG,10.4248
2025-07-28,MSFT,3.1976
2025-07-28,NVDA,10.4688
2025-07-28,SPX,2.6383
2025-07-29,AAPL,0.0616
2025-07-29,GOOG,10.5651
2025-07-29,MSFT,1.7994
2025-07-29,NVDA,7.7542
2025-07-29,SPX,1.7180
2025-07-30,AAPL,-1.5818
2025-07-30,GOOG,10.4868
2025-07-30,MSFT,2.3451
2025-07-30,NVDA,9.2444
2025-07-30,SPX,1.3126
2025-07-31,AAPL,-1.7001
2025-07-31,GOOG,6.3703
2025-07-31,MSFT,5.9962
2025-07-31,NVDA,7.8523
2025-07-31,SPX,1.2723
2025-08-01,AAPL,-2.9911
2025-08-01,GOOG,3.9057
2025-08-01,MSFT,4.1927
2025-08-01,NVDA,5.8816
2025-08-01,SPX,-0.4874
2025-08-04,AAPL,-2.7545
2025-08-04,GOOG,6.9088
2025-08-04,MSFT,5.8954
2025-08-04,NVDA,5.4482
2025-08-04,SPX,1.3803
2025-08-05,AAPL,-3.4450
2025-08-05,GOOG,6.2850
2025-08-05,MSFT,4.3768
2025-08-05,NVDA,4.0205
2025-08-05,SPX,0.5666
2025-08-06,AAPL,1.5379
2025-08-06,GOOG,6.6161
2025-08-06,MSFT,2.5875
2025-08-06,NVDA,3.7110
2025-08-06,SPX,0.7575
2025-08-07,AAPL,4.1907
2025-08-07,GOOG,6.0987
2025-08-07,MSFT,2.1155
2025-08-07,NVDA,4.8489
2025-08-07,SPX,0.6862
2025-08-08,AAPL,7.9396
2025-08-08,GOOG,5.7233
2025-08-08,MSFT,2.3487
2025-08-08,NVDA,6.6052
2025-08-08,SPX,1.3298
2025-08-11,AAPL,5.9608
2025-08-11,GOOG,4.9555
2025-08-11,MSFT,3.2656
2025-08-11,NVDA,8.9984
2025-08-11,SPX,1.0116
2025-08-12,AAPL,7.2379
2025-08-12,GOOG,6.6054
2025-08-12,MSFT,4.6198
2025-08-12,NVDA,7.2491
2025-08-12,SPX,1.3658
2025-08-13,AAPL,9.1551
2025-08-13,GOOG,5.0880
2025-08-13,MSFT,1.8987
2025-08-13,NVDA,4.5182
2025-08-13,SPX,1.6223
2025-08-14,AAPL,8.8367
2025-08-14,GOOG,5.0185
2025-08-14,MSFT,1.7072
2025-08-14,NVDA,4.9107
2025-08-14,SPX,1.2507
2025-08-15,AAPL,8.1943
2025-08-15,GOOG,5.9404
2025-08-15,MSFT,1.4966
2025-08-15,NVDA,2.0934
2025-08-15,SPX,0.9395
2025-08-18,AAPL,9.2867
2025-08-18,GOOG,4.0014
2025-08-18,MSFT,0.8838
2025-08-18,NVDA,3.7035
2025-08-18,SPX,1.2289
2025-08-19,AAPL,10.2894
2025-08-19,GOOG,2.5577
2025-08-19,MSFT,-0.6761
2025-08-19,NVDA,-2.0249
2025-08-19,SPX,0.7618
2025-08-20,AAPL,8.8838
2025-08-20,GOOG,3.8007
2025-08-20,MSFT,-5.2071
2025-08-20,NVDA,-1.3887
2025-08-20,SPX,0.8895
2025-08-21,AAPL,11.1276
2025-08-21,GOOG,5.6173
2025-08-21,MSFT,-3.7912
2025-08-21,NVDA,0.7253
2025-08-21,SPX,2.1186
2025-08-22,AAPL,12.0039
2025-08-22,GOOG,5.6041
2025-08-22,MSFT,-5.3039
2025-08-22,NVDA,-1.1167
2025-08-22,SPX,2.1638
2025-08-25,AAPL,11.9456
2025-08-25,GOOG,7.0858
2025-08-25,MSFT,-4.4510
2025-08-25,NVDA,0.8695
2025-08-25,SPX,2.2246
2025-08-26,AAPL,7.5311
2025-08-26,GOOG,5.6013
2025-08-26,MSFT,-4.3624
2025-08-26,NVDA,1.3098
2025-08-26,SPX,1.9051
2025-08-27,AAPL,4.7539
2025-08-27,GOOG,5.5403
2025-08-27,MSFT,-2.7072
2025-08-27,NVDA,0.4591
2025-08-27,SPX,2.2303
2025-08-28,AAPL,1.3996
2025-08-28,GOOG,5.0868
2025-08-28,MSFT,-2.3753
2025-08-28,NVDA,-1.3848
2025-08-28,SPX,1.7593
2025-08-29,AAPL,2.1833
2025-08-29,GOOG,5.9019
2025-08-29,MSFT,-2.8902
2025-08-29,NVDA,-4.3282
2025-08-29,SPX,1.3621
2025-09-01,AAPL,1.0843
2025-09-01,GOOG,4.5895
2025-09-01,MSFT,-4.2608
2025-09-01,NVDA,-4.9028
2025-09-01,SPX,0.2250
2025-09-02,AAPL,-1.5472
2025-09-02,GOOG,4.4131
2025-09-02,MSFT,-2.9698
2025-09-02,NVDA,-5.9530
2025-09-02,SPX,-0.7893
2025-09-03,AAPL,2.4444
2025-09-03,GOOG,13.3844
2025-09-03,MSFT,-3.2786
2025-09-03,NVDA,-6.2630
2025-09-03,SPX,-0.3135
2025-09-04,AAPL,3.5364
2025-09-04,GOOG,13.5425
2025-09-04,MSFT,-2.3454
2025-09-04,NVDA,-4.8712
2025-09-04,SPX,0.8106
2025-09-05,AAPL,3.8113
2025-09-05,GOOG,15.1158
2025-09-05,MSFT,-4.2738
2025-09-05,NVDA,-8.2358
2025-09-05,SPX,0.5016
2025-09-08,AAPL,3.1749
2025-09-08,GOOG,15.6403
2025-09-08,MSFT,-2.2697
2025-09-08,NVDA,-4.1733
2025-09-08,SPX,1.3067
2025-09-09,AAPL,3.6901
2025-09-09,GOOG,19.8561
2025-09-09,MSFT,-1.4455
2025-09-09,NVDA,-2.6454
2025-09-09,SPX,1.8267
2025-09-10,AAPL,0.8404
2025-09-10,GOOG,19.4098
2025-09-10,MSFT,-0.7675
2025-09-10,NVDA,1.3430
2025-09-10,SPX,2.5411
2025-09-11,AAPL,0.9967
2025-09-11,GOOG,16.4764
2025-09-11,MSFT,-1.2263
2025-09-11,NVDA,-0.4607
2025-09-11,SPX,1.8643
2025-09-12,AAPL,3.0419
2025-09-12,GOOG,15.4045
2025-09-12,MSFT,1.1185
2025-09-12,NVDA,-1.1067
2025-09-12,SPX,2.2513
2025-09-15,AAPL,3.2227
2025-09-15,GOOG,21.0676
2025-09-15,MSFT,2.6532
2025-09-15,NVDA,-2.2116
2025-09-15,SPX,2.3096
2025-09-16,AAPL,3.3234
2025-09-16,GOOG,20.7531
2025-09-16,MSFT,0.4539
2025-09-16,NVDA,-3.7004
2025-09-16,SPX,1.9342
2025-09-17,AAPL,2.7649
2025-09-17,GOOG,17.6484
2025-09-17,MSFT,0.0746
2025-09-17,NVDA,-5.4837
2025-09-17,SPX,1.5148
2025-09-18,AAPL,2.4726
2025-09-18,GOOG,18.1707
2025-09-18,MSFT,0.3474
2025-09-18,NVDA,1.1827
2025-09-18,SPX,2.6578
2025-09-19,AAPL,5.7551
2025-09-19,GOOG,19.5336
2025-09-19,MSFT,2.2183
2025-09-19,NVDA,1.4296
2025-09-19,SPX,3.1593
2025-09-22,AAPL,11.4748
2025-09-22,GOOG,19.2886
2025-09-22,MSFT,1.8471
2025-09-22,NVDA,7.5126
2025-09-22,SPX,4.3365
2025-09-23,AAPL,6.6927
2025-09-23,GOOG,9.1908
2025-09-23,MSFT,0.7678
2025-09-23,NVDA,4.5774
2025-09-23,SPX,3.2359
2025-09-24,AAPL,5.2256
2025-09-24,GOOG,6.5202
2025-09-24,MSFT,0.4292
2025-09-24,NVDA,3.0933
2025-09-24,SPX,2.0899
2025-09-25,AAPL,7.1676
2025-09-25,GOOG,4.8476
2025-09-25,MSFT,2.4303
2025-09-25,NVDA,6.3885
2025-09-25,SPX,1.9011
2025-09-26,AAPL,7.3903
2025-09-26,GOOG,5.5603
2025-09-26,MSFT,2.6616
2025-09-26,NVDA,5.8701
2025-09-26,SPX,2.2871
2025-09-29,AAPL,8.5684
2025-09-29,GOOG,1.8421
2025-09-29,MSFT,3.2483
2025-09-29,NVDA,6.4945
2025-09-29,SPX,2.2817
2025-09-30,AAPL,12.2757
2025-09-30,GOOG,1.6656
2025-09-30,MSFT,3.5134
2025-09-30,NVDA,5.2163
2025-09-30,SPX,2.3947
2025-10-01,AAPL,11.0507
2025-10-01,GOOG,1.9769
2025-10-01,MSFT,3.7325
2025-10-01,NVDA,5.6838
2025-10-01,SPX,1.8783
2025-10-02,AAPL,9.8518
2025-10-02,GOOG,2.0921
2025-10-02,MSFT,1.1453
2025-10-02,NVDA,6.2254
2025-10-02,SPX,1.9905
2025-10-03,AAPL,9.0072
2025-10-03,GOOG,-2.1092
2025-10-03,MSFT,0.3861
2025-10-03,NVDA,5.5527
2025-10-03,SPX,1.5194
2025-10-06,AAPL,7.7850
2025-10-06,GOOG,0.0358
2025-10-06,MSFT,3.8366
2025-10-06,NVDA,6.0956
2025-10-06,SPX,2.0210
2025-10-07,AAPL,7.3183
2025-10-07,GOOG,-1.0887
2025-10-07,MSFT,2.7371
2025-10-07,NVDA,8.6617
2025-10-07,SPX,1.7308
2025-10-08,AAPL,8.4833
2025-10-08,GOOG,-2.7226
2025-10-08,MSFT,3.2255
2025-10-08,NVDA,7.3025
2025-10-08,SPX,1.8360
2025-10-09,AAPL,3.4786
2025-10-09,GOOG,-5.1050
2025-10-09,MSFT,0.8631
2025-10-09,NVDA,8.9998
2025-10-09,SPX,1.0616
2025-10-10,AAPL,-4.2213
2025-10-10,GOOG,-6.0859
2025-10-10,MSFT,-0.6784
2025-10-10,NVDA,-0.2451
2025-10-10,SPX,-2.1100
2025-10-13,AAPL,-2.6608
2025-10-13,GOOG,-3.0514
2025-10-13,MSFT,0.9465
2025-10-13,NVDA,5.5428
2025-10-13,SPX,-0.0330
2025-10-14,AAPL,-1.7994
2025-10-14,GOOG,-0.6617
2025-10-14,MSFT,0.6704
2025-10-14,NVDA,1.7291
2025-10-14,SPX,0.0955
2025-10-15,AAPL,-2.9314
2025-10-15,GOOG,2.0846
2025-10-15,MSFT,1.2623
2025-10-15,NVDA,1.2043
2025-10-15,SPX,1.0044
2025-10-16,AAPL,-3.1355
2025-10-16,GOOG,1.9014
2025-10-16,MSFT,0.0293
2025-10-16,NVDA,2.0315
2025-10-16,SPX,-0.2202
2025-10-17,AAPL,-0.8411
2025-10-17,GOOG,3.8591
2025-10-17,MSFT,-0.1982
2025-10-17,NVDA,0.7534
2025-10-17,SPX,0.0420
2025-10-20,AAPL,2.9887
2025-10-20,GOOG,5.5307
2025-10-20,MSFT,-0.2240
2025-10-20,NVDA,-2.1117
2025-10-20,SPX,0.6978
2025-10-21,AAPL,2.8655
2025-10-21,GOOG,2.3621
2025-10-21,MSFT,-0.3945
2025-10-21,NVDA,-3.2472
2025-10-21,SPX,0.3598
2025-10-22,AAPL,0.5134
2025-10-22,GOOG,2.4753
2025-10-22,MSFT,0.9307
2025-10-22,NVDA,-4.5582
2025-10-22,SPX,-0.2375
2025-10-23,AAPL,0.6046
2025-10-23,GOOG,2.9539
2025-10-23,MSFT,0.6205
2025-10-23,NVDA,-2.9101
2025-10-23,SPX,0.3373
2025-10-24,AAPL,2.3881
2025-10-24,GOOG,3.5784
2025-10-24,MSFT,-0.9384
2025-10-24,NVDA,0.3881
2025-10-24,SPX,0.7627
2025-10-27,AAPL,4.8074
2025-10-27,GOOG,9.2259
2025-10-27,MSFT,1.4390
2025-10-27,NVDA,3.4857
2025-10-27,SPX,2.3914
2025-10-28,AAPL,4.2393
2025-10-28,GOOG,9.3579
2025-10-28,MSFT,3.2809
2025-10-28,NVDA,6.3032
2025-10-28,SPX,2.0310
2025-10-29,AAPL,6.1644
2025-10-29,GOOG,13.6080
2025-10-29,MSFT,3.6658
2025-10-29,NVDA,7.5142
2025-10-29,SPX,2.3085
2025-10-30,AAPL,10.6536
2025-10-30,GOOG,18.6997
2025-10-30,MSFT,2.8965
2025-10-30,NVDA,10.7720
2025-10-30,SPX,4.1180
2025-10-31,AAPL,9.1698
2025-10-31,GOOG,15.1978
2025-10-31,MSFT,0.7314
2025-10-31,NVDA,7.5244
2025-10-31,SPX,2.7872
2025-11-03,AAPL,8.5886
2025-11-03,GOOG,15.4068
2025-11-03,MSFT,0.6737
2025-11-03,NVDA,14.9142
2025-11-03,SPX,3.1254
2025-11-04,AAPL,8.3019
2025-11-04,GOOG,10.4684
2025-11-04,MSFT,0.1753
2025-11-04,NVDA,10.4877
2025-11-04,SPX,1.5064
2025-11-05,AAPL,9.1695
2025-11-05,GOOG,13.0499
2025-11-05,MSFT,-0.8698
2025-11-05,NVDA,7.3703
2025-11-05,SPX,2.5225
2025-11-06,AAPL,6.9285
2025-11-06,GOOG,12.4315
2025-11-06,MSFT,-3.2088
2025-11-06,NVDA,2.6525
2025-11-06,SPX,0.8450
2025-11-07,AAPL,2.3757
2025-11-07,GOOG,8.8242
2025-11-07,MSFT,-3.8642
2025-11-07,NVDA,3.0169
2025-11-07,SPX,-0.0940
2025-11-10,AAPL,2.5345
2025-11-10,GOOG,15.6163
2025-11-10,MSFT,-2.2524
2025-11-10,NVDA,9.8752
2025-11-10,SPX,1.4414
2025-11-11,AAPL,6.5003
2025-11-11,GOOG,15.5269
2025-11-11,MSFT,-2.2784
2025-11-11,NVDA,7.1444
2025-11-11,SPX,2.1974
2025-11-12,AAPL,5.3510
2025-11-12,GOOG,13.2818
2025-11-12,MSFT,-1.8096
2025-11-12,NVDA,6.3900
2025-11-12,SPX,1.6692
2025-11-13,AAPL,3.8543
2025-11-13,GOOG,7.1437
2025-11-13,MSFT,-3.8808
2025-11-13,NVDA,0.3221
2025-11-13,SPX,-0.7980
2025-11-14,AAPL,1.3392
2025-11-14,GOOG,2.6118
2025-11-14,MSFT,-4.0149
2025-11-14,NVDA,-0.6893
2025-11-14,SPX,-2.0516
2025-11-17,AAPL,-0.5725
2025-11-17,GOOG,6.3965
2025-11-17,MSFT,-6.3792
2025-11-17,NVDA,-7.1780
2025-11-17,SPX,-3.1706
2025-11-18,AAPL,-0.8380
2025-11-18,GOOG,3.5578
2025-11-18,MSFT,-8.8191
2025-11-18,NVDA,-12.4034
2025-11-18,SPX,-3.9658
2025-11-19,AAPL,-1.0464
2025-11-19,GOOG,3.9340
2025-11-19,MSFT,-7.3494
2025-11-19,NVDA,-8.0684
2025-11-19,SPX,-2.6410
2025-11-20,AAPL,-1.5238
2025-11-20,GOOG,2.8955
2025-11-20,MSFT,-7.6051
2025-11-20,NVDA,-10.7907
2025-11-20,SPX,-4.4069
2025-11-21,AAPL,0.9069
2025-11-21,GOOG,5.4660
2025-11-21,MSFT,-8.6861
2025-11-21,NVDA,-13.5344
2025-11-21,SPX,-3.6337
2025-11-24,AAPL,2.1775
2025-11-24,GOOG,14.5328
2025-11-24,MSFT,-7.8413
2025-11-24,NVDA,-8.1232
2025-11-24,SPX,-0.9810
2025-11-25,AAPL,2.5283
2025-11-25,GOOG,13.6576
2025-11-25,MSFT,-5.9488
2025-11-25,NVDA,-8.9084
2025-11-25,SPX,-0.4475
2025-11-26,AAPL,2.8839
2025-11-26,GOOG,12.2450
2025-11-26,MSFT,-2.3335
2025-11-26,NVDA,-4.1578
2025-11-26,SPX,1.3733
2025-11-27,AAPL,3.3821
2025-11-27,GOOG,14.5084
2025-11-27,MSFT,-2.2785
2025-11-27,NVDA,-4.1935
2025-11-27,SPX,1.2455
2025-11-28,AAPL,3.4963
2025-11-28,GOOG,10.1621
2025-11-28,MSFT,-2.7648
2025-11-28,NVDA,-11.0776
2025-11-28,SPX,0.2438
2025-12-01,AAPL,2.8520
2025-12-01,GOOG,8.0140
2025-12-01,MSFT,-4.3131
2025-12-01,NVDA,-6.8544
2025-12-01,SPX,-0.4963
2025-12-02,AAPL,4.6513
2025-12-02,GOOG,9.9468
2025-12-02,MSFT,-4.1359
2025-12-02,NVDA,-6.3674
2025-12-02,SPX,-0.3146
2025-12-03,AAPL,4.1033
2025-12-03,GOOG,14.8682
2025-12-03,MSFT,-5.0786
2025-12-03,NVDA,-3.8906
2025-12-03,SPX,1.6658
2025-12-04,AAPL,3.0432
2025-12-04,GOOG,14.9505
2025-12-04,MSFT,-5.7509
2025-12-04,NVDA,-3.5705
2025-12-04,SPX,1.8267
2025-12-05,AAPL,4.2324
2025-12-05,GOOG,12.7766
2025-12-05,MSFT,-4.7942
2025-12-05,NVDA,-2.2454
2025-12-05,SPX,2.9673
2025-12-08,AAPL,3.9074
2025-12-08,GOOG,10.3488
2025-12-08,MSFT,-0.5610
2025-12-08,NVDA,2.3103
2025-12-08,SPX,3.4635
2025-12-09,AAPL,3.2097
2025-12-09,GOOG,8.4508
2025-12-09,MSFT,1.0059
2025-12-09,NVDA,-0.8310
2025-12-09,SPX,2.9862
2025-12-10,AAPL,4.7061
2025-12-10,GOOG,10.6973
2025-12-10,MSFT,0.0272
2025-12-10,NVDA,1.7383
2025-12-10,SPX,5.3209
2025-12-11,AAPL,2.4089
2025-12-11,GOOG,4.6888
2025-12-11,MSFT,2.4040
2025-12-11,NVDA,1.1460
2025-12-11,SPX,4.5133
2025-12-12,AAPL,0.8553
2025-12-12,GOOG,-2.4963
2025-12-12,MSFT,0.9557
2025-12-12,NVDA,-4.1249
2025-12-12,SPX,1.8238
2025-12-15,AAPL,-1.0326
2025-12-15,GOOG,-4.4247
2025-12-15,MSFT,-0.4549
2025-12-15,NVDA,-0.8604
2025-12-15,SPX,0.7483
2025-12-16,AAPL,-1.0593
2025-12-16,GOOG,-3.9184
2025-12-16,MSFT,-1.8764
2025-12-16,NVDA,-1.4091
2025-12-16,SPX,-0.1813
2025-12-17,AAPL,-2.0573
2025-12-17,GOOG,-6.9377
2025-12-17,MSFT,-1.9320
2025-12-17,NVDA,-5.1703
2025-12-17,SPX,-1.3384
2025-12-18,AAPL,-2.3884
2025-12-18,GOOG,-5.1137
2025-12-18,MSFT,-1.6321
2025-12-18,NVDA,-1.6158
2025-12-18,SPX,-1.0853
2025-12-19,AAPL,-3.3310
2025-12-19,GOOG,-2.0659
2025-12-19,MSFT,-0.1685
2025-12-19,NVDA,0.5947
2025-12-19,SPX,0.3210
2025-12-22,AAPL,-5.3181
2025-12-22,GOOG,-1.4841
2025-12-22,MSFT,-1.0367
2025-12-22,NVDA,1.2289
2025-12-22,SPX,0.7192
2025-12-23,AAPL,-4.1492
2025-12-23,GOOG,-1.5408
2025-12-23,MSFT,1.9090
2025-12-23,NVDA,5.3566
2025-12-23,SPX,0.8770
2025-12-24,AAPL,-2.4546
2025-12-24,GOOG,-0.8543
2025-12-24,MSFT,1.4932
2025-12-24,NVDA,2.8520
2025-12-24,SPX,1.0927
2025-12-25,AAPL,-1.7828
2025-12-25,GOOG,-1.9932
2025-12-25,MSFT,1.0059
2025-12-25,NVDA,3.3989
2025-12-25,SPX,0.8973
2025-12-26,AAPL,-1.6157
2025-12-26,GOOG,0.1622
2025-12-26,MSFT,-0.6741
2025-12-26,NVDA,2.6839
2025-12-26,SPX,1.2186
2025-12-29,AAPL,-1.2339
2025-12-29,GOOG,-1.0574
2025-12-29,MSFT,-1.0000
2025-12-29,NVDA,1.7570
2025-12-29,SPX,0.9536
2025-12-30,AAPL,-2.0446
2025-12-30,GOOG,-2.0093
2025-12-30,MSFT,1.8639
2025-12-30,NVDA,2.0459
2025-12-30,SPX,0.1388
2025-12-31,AAPL,-2.2192
2025-12-31,GOOG,0.0319
2025-12-31,MSFT,0.0310
2025-12-31,NVDA,3.0785
2025-12-31,SPX,-0.8042
2026-01-01,AAPL,-2.3070
2026-01-01,GOOG,1.0563
2026-01-01,MSFT,1.0637
2026-01-01,NVDA,6.5593
2026-01-01,SPX,0.2650
2026-01-02,AAPL,-1.1309
2026-01-02,GOOG,1.9397
2026-01-02,MSFT,-0.3959
2026-01-02,NVDA,7.1246
2026-01-02,SPX,0.6156
2026-01-05,AAPL,-2.6765
2026-01-05,GOOG,3.1164
2026-01-05,MSFT,-0.7431
2026-01-05,NVDA,5.8519
2026-01-05,SPX,1.4969
2026-01-06,AAPL,-3.4873
2026-01-06,GOOG,5.5324
2026-01-06,MSFT,0.5020
2026-01-06,NVDA,9.5355
2026-01-06,SPX,3.3235
2026-01-07,AAPL,-4.3573
2026-01-07,GOOG,6.1498
2026-01-07,MSFT,-0.1054
2026-01-07,NVDA,8.5965
2026-01-07,SPX,2.1576
2026-01-08,AAPL,-5.3459
2026-01-08,GOOG,5.6382
2026-01-08,MSFT,-1.6073
2026-01-08,NVDA,2.2377
2026-01-08,SPX,1.2724
2026-01-09,AAPL,-4.2809
2026-01-09,GOOG,5.7206
2026-01-09,MSFT,-1.1631
2026-01-09,NVDA,0.6369
2026-01-09,SPX,1.2763
2026-01-12,AAPL,-4.4463
2026-01-12,GOOG,5.4010
2026-01-12,MSFT,-1.9862
2026-01-12,NVDA,-2.2568
2026-01-12,SPX,0.9766
2026-01-13,AAPL,-4.6602
2026-01-13,GOOG,6.5765
2026-01-13,MSFT,-3.5552
2026-01-13,NVDA,-1.4845
2026-01-13,SPX,0.4572
2026-01-14,AAPL,-5.0583
2026-01-14,GOOG,6.5385
2026-01-14,MSFT,-5.8686
2026-01-14,NVDA,-2.9002
2026-01-14,SPX,-0.0786
2026-01-15,AAPL,-5.5560
2026-01-15,GOOG,5.7785
2026-01-15,MSFT,-6.3665
2026-01-15,NVDA,-1.8265
2026-01-15,SPX,0.2097
2026-01-16,AAPL,-6.6591
2026-01-16,GOOG,5.0733
2026-01-16,MSFT,-5.5923
2026-01-16,NVDA,-1.0573
2026-01-16,SPX,0.4963
2026-01-19,AAPL,-6.4267
2026-01-19,GOOG,5.0199
2026-01-19,MSFT,-5.6659
2026-01-19,NVDA,-0.6985
2026-01-19,SPX,0.6347
